Change Type,Date Changed,Bus Stop Code,New Name,Previous Name,Street/Road
NAME_CHANGED,01/09/2025,4019,Opp Bencoolen Stn Exit B,OPP BENCOOLEN STN EXIT B,Bencoolen St
NAME_CHANGED,01/09/2025,4029,Bef Bencoolen Stn Exit A,BEF BENCOOLEN STN EXIT A,Bencoolen St
NAME_CHANGED,01/09/2025,4151,Cath of The Good Shepherd,Cath Of The Good Shepherd,Victoria St
NAME_CHANGED,01/09/2025,4159,Aft CHIJMES,Aft Chijmes,Victoria St
NAME_CHANGED,01/09/2025,4331,Bef Fort Canning Stn,BEF FORT CANNING STN,River Valley Rd
NAME_CHANGED,01/09/2025,4339,Fort Canning Stn Exit B,FORT CANNING STN EXIT B,River Valley Rd
NAME_CHANGED,01/09/2025,5012,Bef Pearl's Hill Terr,Bef Pearl'S Hill Terr,Eu Tong Sen St
NAME_CHANGED,01/09/2025,5239,Bef The Pinnacle @Duxton,Bef The Pinnacle@Duxton,Neil Rd
NAME_CHANGED,01/09/2025,6049,Bef Outram Flyover,BEF OUTRAM FLYOVER,Outram Rd
NAME_CHANGED,01/09/2025,7241,Bef S'goon Rd,Bef S'Goon Rd,Lavender St
NAME_CHANGED,01/09/2025,7351,Arc 380,ARC 380,Lavender St
NAME_CHANGED,01/09/2025,7359,Opp Arc 380,OPP ARC 380,Lavender St
NAME_CHANGED,01/09/2025,7517,ibis S'pore on Bencoolen,IBIS S'PORE ON BENCOOLEN,Bencoolen St
NAME_CHANGED,01/09/2025,7518,Opp NAFA Campus 3,OPP NAFA CAMPUS 3,Bencoolen St
NAME_CHANGED,01/09/2025,7529,Jln Besar Stn Exit A,JLN BESAR STN EXIT A,Jln Besar
NAME_CHANGED,01/09/2025,7571,Sunshine Plaza,SUNSHINE PLAZA,Middle Rd
NAME_CHANGED,01/09/2025,8079,Sch of The Arts,Sch of the Arts,Prinsep St
NAME_CHANGED,01/09/2025,10011,Bef Neil Rd,BEF NEIL RD,New Bridge Rd
NAME_CHANGED,01/09/2025,10041,Bef Kampong Bahru Ter,BEF KAMPONG BAHRU TER,Kg Bahru Rd
NAME_CHANGED,01/09/2025,10049,Opp Kampong Bahru Ter,OPP KAMPONG BAHRU TER,Kg Bahru Rd
NAME_CHANGED,01/09/2025,10101,Opp Bt Merah Sec Sch,OPP BT MERAH SEC SCH,Jln Bt Merah
NAME_CHANGED,01/09/2025,10109,Bt Merah Sec Sch,BT MERAH SEC SCH,Jln Bt Merah
NAME_CHANGED,01/09/2025,10181,Bef Ar-Rabitah Mque,BEF AR-RABITAH MQUE,Tiong Bahru Rd
NAME_CHANGED,01/09/2025,10287,Opp Cycle & Carriage,Opposite Cycle & Carriage,Alexandra Rd
NAME_CHANGED,01/09/2025,10431,Enabling Village,ENABLING VILLAGE,Lengkok Bahru
NAME_CHANGED,01/09/2025,10439,Opp Enabling Village,OPP ENABLING VILLAGE,Lengkok Bahru
NAME_CHANGED,01/09/2025,10499,Kampong Bahru Ter,KAMPONG BAHRU TER,Spooner Rd
NAME_CHANGED,01/09/2025,11001,Opp Ghim Moh Ter,Opposite Ghim Moh Terminal,Ghim Moh Rd
NAME_CHANGED,01/09/2025,11159,Aft Ch of Our Saviour,Aft Ch Of Our Saviour,C'wealth Ave
NAME_CHANGED,01/09/2025,11161,C'wealth Stn Exit A/D,C'Wealth Stn Exit A/D,C'wealth Ave
NAME_CHANGED,01/09/2025,11169,C'wealth Stn Exit B/C,C'Wealth Stn Exit B/C,C'wealth Ave
NAME_CHANGED,01/09/2025,11401,Holland V Stn/Blk 12,Holland V Stn/Blk12,Holland Ave
NAME_CHANGED,01/09/2025,12201,LogisHub @ Clementi,Logishub @ Clementi,Clementi Ave 6
NAME_CHANGED,01/09/2025,12209,Opp LogisHub @ Clementi,Opp Logishub @ Clementi,Clementi Ave 6
NAME_CHANGED,01/09/2025,13021,Aft Min of Foreign Affairs,Aft Min Of Foreign Affairs,Holland Rd
NAME_CHANGED,01/09/2025,13062,Stellar RV,STELLAR RV,River Valley Rd
NAME_CHANGED,01/09/2025,13063,RV Suites,RV SUITES,River Valley Rd
NAME_CHANGED,01/09/2025,13069,RV Residences,RV RESIDENCES,River Valley Rd
NAME_CHANGED,01/09/2025,13091,Aft Kim Yam Rd,AFT KIM YAM RD,River Valley Rd
NAME_CHANGED,01/09/2025,13099,Bef Kim Yam Rd,BEF KIM YAM RD,River Valley Rd
NAME_CHANGED,01/09/2025,14129,HarbourFront Stn Exit A,Harbourfront Stn Exit A,Telok Blangah Rd
NAME_CHANGED,01/09/2025,14281,SAFRA Mt Faber,Safra Mt Faber,Telok Blangah Way
NAME_CHANGED,01/09/2025,14501,Opp Blk 91A,OPP BLK 91A,Telok Blangah St 31
NAME_CHANGED,01/09/2025,14509,Blk 92B,BLK 92B,Telok Blangah St 31
NAME_CHANGED,01/09/2025,14539,Beach Stn Ter,Beach Station Bus Terminal,Beach View
NAME_CHANGED,01/09/2025,15191,Pasir Panjang Stn/FC,Pasir Panjang Stn/Fc,Pasir Panjang Rd
NAME_CHANGED,01/09/2025,16041,Opp Luxe Ville,OPP LUXE VILLE,Pasir Panjang Rd
NAME_CHANGED,01/09/2025,16049,Whitehaven,WHITEHAVEN,Pasir Panjang Rd
NAME_CHANGED,01/09/2025,16091,NUS Sports Ctr,Opp SIT Dover,AYE
NAME_CHANGED,01/09/2025,16099,Opp NUS Sports Ctr,SIT Dover,AYE
NAME_CHANGED,01/09/2025,16101,Inst of Micro-electronics,Inst Of Micro-Electronics,Science Pk Rd
NAME_CHANGED,01/09/2025,16161,NUS Museums,Nus Museums,Kent Ridge Cres
NAME_CHANGED,01/09/2025,16199,Bef Architecture Dr,Aft Architecture Dr,Kent Ridge Cres
NAME_CHANGED,01/09/2025,16209,Horizon Residences,HORIZON RESIDENCES,Pasir Panjang Rd
NAME_CHANGED,01/09/2025,17089,Bef West Coast Cres,Before West Coast Crescent,West Coast Link
NAME_CHANGED,01/09/2025,17099,UTown - Cendana,YALE-NUS COLLEGE,Clementi Rd
NAME_CHANGED,01/09/2025,17171,Clementi Stn Exit A/Mall,Clementi Stn Exit A,C'wealth Ave West
NAME_CHANGED,01/09/2025,18011,Aft HortPark,Aft Hortpark,Alexandra Rd
NAME_CHANGED,01/09/2025,18051,one-north Stn,One-North Stn,Ayer Rajah Ave
NAME_CHANGED,01/09/2025,18059,Opp one-north Stn,Opp One-North Stn,Ayer Rajah Ave
NAME_CHANGED,01/09/2025,18151,Opp one-north Stn/Galaxis,Opp One-North Stn/Galaxis,Portsdown Rd
NAME_CHANGED,01/09/2025,18159,one-north Stn/Galaxis,One-North Stn/Galaxis,Portsdown Rd
NAME_CHANGED,01/09/2025,19059,UTown - RC4,University Town,Dover Rd
NAME_CHANGED,01/09/2025,19071,Opp ACS Independent,Opp Acs Independent,Dover Rd
NAME_CHANGED,01/09/2025,19089,ACS Independent,Acs Independent,Dover Rd
NAME_CHANGED,01/09/2025,20021,NEWest,NEWEST,AYE
NAME_CHANGED,01/09/2025,20029,Opp NEWest,OPP NEWEST,AYE
NAME_CHANGED,01/09/2025,20131,S'pore Food Ind Bldg,S'pore Food Industries Bldg,West Coast Rd
NAME_CHANGED,01/09/2025,21029,Aft Corp Pl,AFT CORP PL,Jln Ahmad Ibrahim
NAME_CHANGED,01/09/2025,21151,CWT Distripk,CWT Distripark,Jurong Port Rd
NAME_CHANGED,01/09/2025,21171,Opp Corp Pl,OPP CORP PL,Corporation Rd
NAME_CHANGED,01/09/2025,21179,Corp Pl,CORP PL,Corporation Rd
NAME_CHANGED,01/09/2025,21229,Opp S'pore A'space Mfg,Opp S'Pore A'Space Mfg,Corporation Rd
NAME_CHANGED,01/09/2025,21241,Blk 216 CP,216 CP,Boon Lay Ave
NAME_CHANGED,01/09/2025,21261,Aft Chin Bee Ave,AFT CHIN BEE AVE,Quality Rd
NAME_CHANGED,01/09/2025,21321,UTOC Engrg,UTOC ENGRG,Jln Boon Lay
NAME_CHANGED,01/09/2025,21329,Opp UTOC Engrg,OPP UTOC ENGRG,Jln Boon Lay
NAME_CHANGED,01/09/2025,21351,Bef Boon Lay Way,BEF BOON LAY WAY,Jln Boon Lay
NAME_CHANGED,01/09/2025,21359,Aft ST Kinetics,AFT ST KINETICS,Jln Boon Lay
NAME_CHANGED,01/09/2025,21381,St. Joseph's Hme,ST. JOSEPH'S HME,Jurong West Ave 2
NAME_CHANGED,01/09/2025,21389,Opp St. Joseph's Hme,OPP ST. JOSEPH'S HME,Jurong West Ave 2
NAME_CHANGED,01/09/2025,21461,Bef Tukang Innovation Dr,BEF TUKANG INNOVATION DR,Jln Tukang
NAME_CHANGED,01/09/2025,21511,Bef Chin Bee Rd,Opp Amoy Canning,Chin Bee Ave
NAME_CHANGED,01/09/2025,21519,Aft Chin Bee Rd,Amoy Canning,Chin Bee Ave
NAME_CHANGED,01/09/2025,21619,Aft Corp Rd,AFT CORP RD,Corporation Dr
NAME_CHANGED,01/09/2025,21691,Opp Summerdale,OPP SUMMERDALE,Boon Lay Way
NAME_CHANGED,01/09/2025,21699,Summerdale,SUMMERDALE,Boon Lay Way
NAME_CHANGED,01/09/2025,21729,Opp Blk 239A,Opposite Blk 239A,Boon Lay Dr
NAME_CHANGED,01/09/2025,21771,Aft Corp Dr,AFT CORP DR,Yung Ho Rd
NAME_CHANGED,01/09/2025,22061,CEVA Logistics,Ceva Logistics,Jln Buroh
NAME_CHANGED,01/09/2025,22069,Opp CEVA Logistics,Opp Ceva Logistics,Jln Buroh
NAME_CHANGED,01/09/2025,22179,Secura S'pore,Secura S'Pore,Pioneer Rd Nth
NAME_CHANGED,01/09/2025,22329,Opp Sam McCoy Engrg,Opp Sam Mccoy Engrg,Wan Lee Rd
NAME_CHANGED,01/09/2025,22561,Blk 660 CP,Blk 660 Cp,Boon Lay Way
NAME_CHANGED,01/09/2025,24511,Gul Circle Stn Exit A,GUL CIRCLE STN EXIT A,Tuas Rd
NAME_CHANGED,01/09/2025,24519,Gul Circle Stn Exit B,GUL CIRCLE STN EXIT B,Tuas Rd
NAME_CHANGED,01/09/2025,24701,Tuas Cres Stn Exit B,TUAS CRES STN EXIT B,Pioneer Rd
NAME_CHANGED,01/09/2025,24709,Tuas Cres Stn Exit A,TUAS CRES STN EXIT A,Pioneer Rd
NAME_CHANGED,01/09/2025,24711,Tuas West Rd Stn Exit B,TUAS WEST RD STN EXIT B,Pioneer Rd
NAME_CHANGED,01/09/2025,24719,Tuas West Rd Stn Exit A,TUAS WEST RD STN EXIT A,Pioneer Rd
NAME_CHANGED,01/09/2025,25199,Rockwool Bldg Materials,Rockwool Building Materials,Tuas Ave 1
NAME_CHANGED,01/09/2025,25411,Bef Tuas Ter,BEF TUAS TER,Tuas West Dr
NAME_CHANGED,01/09/2025,25421,Opp Tuas Lk Stn,OPP TUAS LINK STN,Tuas West Dr
NAME_CHANGED,01/09/2025,25429,Tuas Lk Stn,TUAS LINK STN,Tuas West Dr
NAME_CHANGED,01/09/2025,25511,Michelman,MICHELMAN,Tuas Ave 12
NAME_CHANGED,01/09/2025,25519,Opp Michelman,OPP MICHELMAN,Tuas Ave 12
NAME_CHANGED,01/09/2025,25531,ST Kinetics,ST KINETICS,Tuas Ave 7
NAME_CHANGED,01/09/2025,25539,Fujifilm,FUJIFILM,Tuas Ave 7
NAME_CHANGED,01/09/2025,25549,CAST Laboratories,CAST LABORATORIES,Tuas Ave 7
NAME_CHANGED,01/09/2025,25559,Lee Welded Mesh,LEE WELDED MESH,Tuas Ave 8
NAME_CHANGED,01/09/2025,25571,Opp West Star,OPP WEST STAR,Tuas Sth Ave 5
NAME_CHANGED,01/09/2025,25579,West Star,WEST STAR,Tuas Sth Ave 5
NAME_CHANGED,01/09/2025,25589,Crown Equipment,CROWN EQUIPMENT,Tuas Ave 8
NAME_CHANGED,01/09/2025,25591,Opp Wyeth Pharmaceuticals,OPP WYETH PHARMACEUTICALS,Tuas Sth Ave 4
NAME_CHANGED,01/09/2025,25599,Wyeth Pharmaceuticals,WYETH PHARMACEUTICALS,Tuas Sth Ave 4
NAME_CHANGED,01/09/2025,25601,Pfizer Global,PFIZER GLOBAL,Tuas Sth Ave 7
NAME_CHANGED,01/09/2025,25609,Merck Sharp & Dohme,MERCK SHARP & DOHME,Tuas Sth Ave 7
NAME_CHANGED,01/09/2025,25611,Opp WestLink Two,OPP WESTLINK TWO,Tuas Sth Ave 7
NAME_CHANGED,01/09/2025,25621,Starburst Engrg,STARBURST ENGRG,Tuas Sth Ave 7
NAME_CHANGED,01/09/2025,25631,Container Connections,CONTAINER CONNECTIONS,Tuas Sth Ave 7
NAME_CHANGED,01/09/2025,25641,Opp Roche S'pore Tech,OPP ROCHE S'PORE TECH,Tuas Sth Ave 9
NAME_CHANGED,01/09/2025,25651,Novartis,NOVARTIS,Tuas Sth Ave 6
NAME_CHANGED,01/09/2025,25671,Bef Offshore Marine Ctr,BEF OFFSHORE MARINE CTR,Tuas Bay Link
NAME_CHANGED,01/09/2025,25681,Bef Tuas West Ave,BEF TUAS WEST AVE,Pioneer Rd
NAME_CHANGED,01/09/2025,25689,Aft Tuas West Ave,AFT TUAS WEST AVE,Pioneer Rd
NAME_CHANGED,01/09/2025,25691,Aft Tuas West Rd Stn,AFT TUAS WEST RD STN,Tuas Ave 20
NAME_CHANGED,01/09/2025,25701,GlaxoSmithKline,GLAXOSMITHKLINE,Tuas Sth Ave 5
NAME_CHANGED,01/09/2025,25709,Edgen Murray,EDGEN MURRAY,Tuas Sth Ave 5
NAME_CHANGED,01/09/2025,25711,Opp The Index,OPP THE INDEX,Tuas Sth Ave 5
NAME_CHANGED,01/09/2025,25719,The Index,THE INDEX,Tuas Sth Ave 5
NAME_CHANGED,01/09/2025,25729,Abbott,ABBOTT,Tuas Sth Ave 10
NAME_CHANGED,01/09/2025,25741,Halliburton,HALLIBURTON,Tuas Sth Ave 12
NAME_CHANGED,01/09/2025,25751,Bef Tuas Sth Ave 14,BEF TUAS STH AVE 14,Tuas Sth Ave 5
NAME_CHANGED,01/09/2025,25761,Opp REC S'pore,OPP REC S'PORE,Tuas Sth Ave 14
NAME_CHANGED,01/09/2025,25771,Aft Tuas Sth St 7,AFT TUAS STH ST 7,Tuas Sth Ave 14
NAME_CHANGED,01/09/2025,25781,Opp SLS,OPP SLS,Tuas Sth Ave 9
NAME_CHANGED,01/09/2025,25791,Bef Tuas Sth Ave 10,BEF TUAS STH AVE 10,Tuas Sth Ave 9
NAME_CHANGED,01/09/2025,25801,Bef Tuas Sth Ave 7,BEF TUAS STH AVE 7,Tuas Sth Ave 10
NAME_CHANGED,01/09/2025,25821,Tuas Amenity Ctr,TUAS AMENITY CTR,Pioneer Rd
NAME_CHANGED,01/09/2025,26019,Progress Galvanizing,PROGRESS GALVANIZING,Tuas Cres
NAME_CHANGED,01/09/2025,26029,Chia Hock Trading Co,CHIA HOCK TRADING CO,Tuas Cres
NAME_CHANGED,01/09/2025,26039,Asia Polyurethane,ASIA POLYURETHANE,Tuas Cres
NAME_CHANGED,01/09/2025,26041,Hiap Seng Engrg Ltd,HIAP SENG ENGRG LTD,Tuas Cres
NAME_CHANGED,01/09/2025,26051,Blasting Abrasives,BLASTING ABRASIVES,Tuas Cres
NAME_CHANGED,01/09/2025,26059,PaxOcean,PAXOCEAN,Tuas Cres
NAME_CHANGED,01/09/2025,26061,BS Development,B S DEVELOPMENT,Tuas Cres
NAME_CHANGED,01/09/2025,26071,Unifine Star Petrochem,UNIFINE STAR PETROCHEM,Tuas Cres
NAME_CHANGED,01/09/2025,26081,Bef Tuas Ave 18A,BEF TUAS AVE 18A,Tuas Cres
NAME_CHANGED,01/09/2025,26091,Rotary Engrg,ROTARY ENGRG,Tuas Ave 20
NAME_CHANGED,01/09/2025,26101,BASF Sth East Asia,BASF STH EAST ASIA,Tuas Ave 20
NAME_CHANGED,01/09/2025,27221,Sch of CEE,Sch Of CEE,Nanyang Dr
NAME_CHANGED,01/09/2025,27501,NTUC Health Nursing Hme,NTUC HEALTH NURSING HME,Jurong West St 93
NAME_CHANGED,01/09/2025,27539,Bef Xingnan Pr Sch,BEF XINGNAN PR SCH,Jurong West St 91
NAME_CHANGED,01/09/2025,28011,Bef Toh Tuck Ave,BEF TOH TUCK AVE,C'wealth Ave West
NAME_CHANGED,01/09/2025,28021,Opp 8 @Tradehub 21,OPP 8 @TRADEHUB 21,Boon Lay Way
NAME_CHANGED,01/09/2025,28029,8 @ Tradehub 21,8 @ TRADEHUB 21,Boon Lay Way
NAME_CHANGED,01/09/2025,28199,Opp Jem,Opposite JEM,Jurong Gateway Rd
NAME_CHANGED,01/09/2025,29119,ComfortDelGro Engrg,Comfortdelgro Engrg,Pandan Rd
NAME_CHANGED,01/09/2025,29121,Opp CLP Intl,Opp Clp Intl,Tg Penjuru
NAME_CHANGED,01/09/2025,29129,CLP Intl,Clp Intl,Tg Penjuru
NAME_CHANGED,01/09/2025,30119,Aft Choa Chu Kang Ave 6,AFT CHOA CHU KANG AVE 6,Brickland Rd
NAME_CHANGED,01/09/2025,30129,Opp Blk 805D,OPP BLK 805D,Brickland Rd
NAME_CHANGED,01/09/2025,31131,CCK Cemy Office,Aft Track 33,Old Choa Chu Kang Rd
NAME_CHANGED,01/09/2025,31139,Opp CCK Cemy Office,Bef Track 33,Old Choa Chu Kang Rd
NAME_CHANGED,01/09/2025,31141,Aft Gdn of Remembrance,CCK Cemy Office,Old Choa Chu Kang Rd
NAME_CHANGED,01/09/2025,31149,Bef Gdn of Remembrance,Opp CCK Cemy Office,Old Choa Chu Kang Rd
NAME_CHANGED,01/09/2025,40011,Little India Stn Exit A,LITTLE INDIA STN EXIT A,Bt Timah Rd
NAME_CHANGED,01/09/2025,40021,Bef Winstedt Rd,BEF WINSTEDT RD,Bt Timah Rd
NAME_CHANGED,01/09/2025,40081,Stevens Stn Exit 1,STEVENS STN EXIT 1,Bt Timah Rd
NAME_CHANGED,01/09/2025,40089,Aft Stevens Stn Exit 5,AFT STEVENS STN EXIT 5,Dunearn Rd
NAME_CHANGED,01/09/2025,40101,KK Women & Children Hosp,Kk Women & Children Hosp,Kg Java Rd
NAME_CHANGED,01/09/2025,40209,Novotel Mercure @ Stevens,NOVOTEL MERCURE @ STEVENS,Stevens Rd
NAME_CHANGED,01/09/2025,40239,Bef Stevens Stn Exit 4,BEF STEVENS STN EXIT 4,Whitley Rd
NAME_CHANGED,01/09/2025,40249,St. Joseph's Instn,St. Joseph'S Instn,Whitley Rd
NAME_CHANGED,01/09/2025,40279,KK Women & Children Hosp,Kk Women & Children Hosp,Bt Timah Rd
NAME_CHANGED,01/09/2025,40371,Opp Blk 465A,OPP BLK 465A,Bt Batok West Ave 5
NAME_CHANGED,01/09/2025,40379,Blk 467 CP,Blk 467 Cp,Bt Batok West Ave 5
NAME_CHANGED,01/09/2025,40389,Tengah CC,Blk 119,Plantation Cres
NAME_CHANGED,01/09/2025,40439,Opp Blk 236A,Opposite Blk 236A,Tengah Garden Walk
NAME_CHANGED,01/09/2025,41121,S'pore Bible Coll,S'Pore Bible Coll,Adam Rd
NAME_CHANGED,01/09/2025,41129,Opp S'pore Bible Coll,Opp S'Pore Bible Coll,Adam Rd
NAME_CHANGED,01/09/2025,41161,Aft Kheam Hock Rd,AFT KHEAM HOCK RD,Lornie Highway
NAME_CHANGED,01/09/2025,42111,Woh Hup Bldg,WOH HUP BLDG,Upp Bt Timah Rd
NAME_CHANGED,01/09/2025,42139,Avenue Villa,Ave Villa,Sixth Ave
NAME_CHANGED,01/09/2025,42991,Bef Hillview Stn Exit B,BEF HILLVIEW STN EXIT B,Upp Bt Timah Rd
NAME_CHANGED,01/09/2025,43069,Hillview Stn Exit A,HILLVIEW STN EXIT A,Upp Bt Timah Rd
NAME_CHANGED,01/09/2025,43111,Min of Defence,Min Of Defence,Upp Bt Timah Rd
NAME_CHANGED,01/09/2025,43199,Ch of St. Mary,Ch Of St. Mary,Bt Batok East Ave 6
NAME_CHANGED,01/09/2025,43211,SBST Bt Batok Depot,Sbst Bt Batok Depot,Bt Batok St 23
NAME_CHANGED,01/09/2025,43219,Opp SBST Bt Batok Depot,Opp Sbst Bt Batok Depot,Bt Batok St 23
NAME_CHANGED,01/09/2025,43452,Aft Bt Batok West Ave 3,AFT BT BATOK WEST AVE 3,Bt Batok Rd
NAME_CHANGED,01/09/2025,43453,Bef PIE,BEF PIE,Bt Batok Rd
NAME_CHANGED,01/09/2025,43631,PPIS Bt Batok,Ppis Bt Batok,Old Jurong Rd
NAME_CHANGED,01/09/2025,43639,Opp PPIS Bt Batok,Opp Ppis Bt Batok,Old Jurong Rd
NAME_CHANGED,01/09/2025,43681,Bt Batok Hme for the Aged,BT BATOK HME FOR THE AGED,Bt Batok West Ave 2
NAME_CHANGED,01/09/2025,43789,Blk 436A,BLK 436A,Bt Batok Rd
NAME_CHANGED,01/09/2025,43891,Aft Dairy Farm Cres,AFT DAIRY FARM CRES,Dairy Farm Rd
NAME_CHANGED,01/09/2025,43899,Bef Dairy Farm Cres,BEF DAIRY FARM CRES,Dairy Farm Rd
NAME_CHANGED,01/09/2025,43961,Aft Dairy Farm Hts,AFT DAIRY FARM HTS,Dairy Farm Rd
NAME_CHANGED,01/09/2025,43969,Bef Dairy Farm Hts,BEF DAIRY FARM HTS,Dairy Farm Rd
NAME_CHANGED,01/09/2025,43991,Opp Blk 635A,OPP BLK 635A,Woodlands Rd
NAME_CHANGED,01/09/2025,44029,Bt Panjang Stn Exit A/LRT,Bt Panjang Stn Exit A/Lrt,Upp Bt Timah Rd
NAME_CHANGED,01/09/2025,44291,Opp CCK Polyclinic,Opp Cck Polyclinic,Teck Whye Ave
NAME_CHANGED,01/09/2025,44299,CCK Polyclinic,Cck Polyclinic,Teck Whye Ave
NAME_CHANGED,01/09/2025,44499,Blk 429A CP,Blk 429A Cp,Choa Chu Kang Ave 4
NAME_CHANGED,01/09/2025,44691,Blk 485,BLK 485,Segar Rd
NAME_CHANGED,01/09/2025,44699,Blk 457,BLK 457,Segar Rd
NAME_CHANGED,01/09/2025,44831,Blk 519,BLK 519,Bt Panjang Ring Rd
NAME_CHANGED,01/09/2025,44839,West Spring Pr Sch,West Spring Pri Sch,Bt Panjang Ring Rd
NAME_CHANGED,01/09/2025,44861,Blk 636A,BLK 636A,Senja Rd
NAME_CHANGED,01/09/2025,44869,Bef Blk 629A CP,Bef Blk 629A Cp,Senja Rd
NAME_CHANGED,01/09/2025,44881,Blk 816B,BLK 816B,Keat Hong Link
NAME_CHANGED,01/09/2025,44911,Blk 450,BLK 450,Bt Panjang Ring Rd
NAME_CHANGED,01/09/2025,44941,Opp Blk 502,OPP BLK 502,KJE
NAME_CHANGED,01/09/2025,44949,Aft Blk 503,AFT BLK 503,KJE
NAME_CHANGED,01/09/2025,45009,Bt Panjang Int,BT PANJANG INT,Petir Rd
NAME_CHANGED,01/09/2025,45141,Aft W'lands Rd,Aft W'Lands Rd,Kranji Rd
NAME_CHANGED,01/09/2025,45149,Bef W'lands Rd,Bef W'Lands Rd,Kranji Rd
NAME_CHANGED,01/09/2025,45221,Aft W'lands Rd,Aft W'Lands Rd,Mandai Rd
NAME_CHANGED,01/09/2025,45229,Bef W'lands Rd,Bef W'Lands Rd,Mandai Rd
NAME_CHANGED,01/09/2025,45489,Bef Choa Chu Kang Lk,BEF CHOA CHU KANG LK,Choa Chu Kang Nth 5
NAME_CHANGED,01/09/2025,45491,Bef Choa Chu Kang Nth 5,BEF CHOA CHU KANG NTH 5,Stagmont Ring
NAME_CHANGED,01/09/2025,45581,Blk 325,BLK 325,Woodlands St 32
NAME_CHANGED,01/09/2025,46019,Aft W'lands Ctr Rd,Aft W'Lands Ctr Rd,Marsiling Rd
NAME_CHANGED,01/09/2025,46021,Bef W'lands Ind Pk D St 2,Bef W'Lands Ind Pk D St 2,Woodlands Rd
NAME_CHANGED,01/09/2025,46029,Aft W'lands Ind Pk D St 2,Aft W'Lands Ind Pk D St 2,Woodlands Rd
NAME_CHANGED,01/09/2025,46041,Opp GLOBALFOUNDRIES,Opp Globalfoundries,Woodlands Rd
NAME_CHANGED,01/09/2025,46049,GLOBALFOUNDRIES,Globalfoundries,Woodlands Rd
NAME_CHANGED,01/09/2025,46059,GLOBALFOUNDRIES/Aft BKE,Globalfoundries/Aft Bke,Woodlands Rd
NAME_CHANGED,01/09/2025,46069,W'lands Train Checkpt,W'Lands Train Checkpt,Woodlands Ctr Rd
NAME_CHANGED,01/09/2025,46091,Bef BKE,Bef Bke,Woodlands Ctr Rd
NAME_CHANGED,01/09/2025,46101,W'lands Checkpt,W'Lands Checkpt,Woodlands Crossing
NAME_CHANGED,01/09/2025,46109,W'lands Checkpt,W'Lands Checkpt,Woodlands Crossing
NAME_CHANGED,01/09/2025,46121,Opp Marsiling Lane Mkt/FC,Opp Marsiling Lane Mkt/Fc,Admiralty Rd
NAME_CHANGED,01/09/2025,46129,Marsiling Lane Mkt/FC,Marsiling Lane Mkt/Fc,Admiralty Rd
NAME_CHANGED,01/09/2025,46321,W'lands Civic Ctr,W'Lands Civic Ctr,Woodlands Ave 5
NAME_CHANGED,01/09/2025,46329,Opp W'lands Civic Ctr,Opp W'Lands Civic Ctr,Woodlands Ave 5
NAME_CHANGED,01/09/2025,46339,Bef W'lands Stn Exit 7,Bef W'Lands Stn Exit 7,Woodlands Ave 2
NAME_CHANGED,01/09/2025,46351,Woodhaven,WOODHAVEN,Woodlands Ave 1
NAME_CHANGED,01/09/2025,46381,Opp W'lands Ind Pk D St 1,Opp W'Lands Ind Pk D St 1,Woodlands Ave 3
NAME_CHANGED,01/09/2025,46389,Aft W'lands Ind Pk D St 1,Aft W'Lands Ind Pk D St 1,Woodlands Ave 3
NAME_CHANGED,01/09/2025,46481,Aft W'lands Ind Pk E6,Aft Woodlands Ind Pk E6,Woodlands Ave 9
NAME_CHANGED,01/09/2025,46631,W'lands Stn Exit 5,W'Lands Stn Exit 5,Woodlands Ave 2
NAME_CHANGED,01/09/2025,46639,W'lands Stn Exit 4,W'Lands Stn Exit 4,Woodlands Ave 2
NAME_CHANGED,01/09/2025,46669,W'lands Pr Sch,W'Lands Pr Sch,Woodlands Dr 50
NAME_CHANGED,01/09/2025,46721,Bef W'lands Ind Pk E7,Bef W'Lands Ind Pk E7,Woodlands Ave 8
NAME_CHANGED,01/09/2025,46729,Aft W'lands Ind Pk E7,Aft W'Lands Ind Pk E7,Woodlands Ave 8
NAME_CHANGED,01/09/2025,46739,Blk 782,BLK 782,Gambas Ave
NAME_CHANGED,01/09/2025,46759,Blk 676A,BLK 676A,Woodlands Ring Rd
NAME_CHANGED,01/09/2025,46801,Aft W'lands Mart,Aft W'Lands Mart,Woodlands Ave 6
NAME_CHANGED,01/09/2025,46809,Opp W'lands Mart,Opp W'Lands Mart,Woodlands Ave 6
NAME_CHANGED,01/09/2025,46931,Opp W'lands Spectrum 1,Opp W'Lands Spectrum 1,Woodlands Ave 9
NAME_CHANGED,01/09/2025,47011,Bef W'lands Waterfront Pk,Bef W'Lands Waterfront Pk,Admiralty Rd
NAME_CHANGED,01/09/2025,47019,Aft W'lands Waterfront Pk,Aft W'Lands Waterfront Pk,Admiralty Rd
NAME_CHANGED,01/09/2025,47021,Khalsa Cres Drug Rehab Ctr,Khalsa Crescent Drug Rehab Ctr,Admiralty Rd West
NAME_CHANGED,01/09/2025,47029,Opp Khalsa Cres Drug Rehab Ctr,Opp Khalsa Crescent Drug Rehab Ctr,Admiralty Rd West
NAME_CHANGED,01/09/2025,47041,Opp W'lands Auto Hub,Opp W'Lands Auto Hub,Admiralty Rd West
NAME_CHANGED,01/09/2025,47049,W'lands Auto Hub,W'Lands Auto Hub,Admiralty Rd West
NAME_CHANGED,01/09/2025,47051,Aft W'lands Ind Pk E4,Aft W'Lands Ind Pk E4,Admiralty Rd West
NAME_CHANGED,01/09/2025,47059,Bef W'lands Ind Pk E4,Bef W'Lands Ind Pk E4,Admiralty Rd West
NAME_CHANGED,01/09/2025,47099,Masterdon,MASTERDON,Senoko Dr
NAME_CHANGED,01/09/2025,47101,Bef Senoko Ave,Aft Senoko Ave,Senoko Dr
NAME_CHANGED,01/09/2025,47109,MaxSteel Enterprise,Maxsteel Enterprise,Senoko Dr
NAME_CHANGED,01/09/2025,47131,Fuji Oil S'pore,Fuji Oil S'Pore,Senoko Rd
NAME_CHANGED,01/09/2025,47141,Bef SC Auto,Bef Sc Auto,Senoko Rd
NAME_CHANGED,01/09/2025,47151,Aft Scania S'pore,Aft Scania S'Pore,Senoko Rd
NAME_CHANGED,01/09/2025,47169,Chuan Lim Constrn,CHUAN LIM CONSTRN,Senoko Dr
NAME_CHANGED,01/09/2025,47179,ComfortDelGro Engrg,Comfortdelgro Engrg,Senoko Loop
NAME_CHANGED,01/09/2025,47491,Twin Fountains,TWIN FOUNTAINS,Woodlands Ave 6
NAME_CHANGED,01/09/2025,47499,Opp Twin Fountains,OPP TWIN FOUNTAINS,Woodlands Ave 6
NAME_CHANGED,01/09/2025,47509,Blk 583,BLK 583,Woodlands Dr 16
NAME_CHANGED,01/09/2025,47529,Blk 573A,BLK 573A,Woodlands Dr 16
NAME_CHANGED,01/09/2025,47749,W'lands Health Campus,Woodlands Health Campus,Woodlands Dr 17
NAME_CHANGED,01/09/2025,47811,W'lands Sunny Food,W'Lands Sunny Food,Admiralty Rd West
NAME_CHANGED,01/09/2025,47819,Opp W'lands Sunny Food,Opp W'Lands Sunny Food,Admiralty Rd West
NAME_CHANGED,01/09/2025,48131,S'pore Zoo,S'Pore Zoo,Mandai Lake Rd
NAME_CHANGED,01/09/2025,49171,Opp Shingda Constrn,OPP SHINGDA CONSTRN,Kranji Way
NAME_CHANGED,01/09/2025,49199,Kranji Resvr Pk B,Kranji Reservoir Pk B,Kranji Way
NAME_CHANGED,01/09/2025,50011,Opp Parish of Christ Ch,Opp Parish Of Christ Ch,Kg Java Rd
NAME_CHANGED,01/09/2025,50019,Parish of Christ Ch,Parish Of Christ Ch,Keng Lee Rd
NAME_CHANGED,01/09/2025,50231,NorthLight Sch,Northlight Sch,Balestier Rd
NAME_CHANGED,01/09/2025,51051,Aft Andrew Rd,AFT ANDREW RD,Thomson Rd
NAME_CHANGED,01/09/2025,51059,Aft Toa Payoh Rise,AFT TOA PAYOH RISE,Thomson Rd
NAME_CHANGED,01/09/2025,52021,Opp Blk 1004,OPP BLK 1004,Braddell Rd
NAME_CHANGED,01/09/2025,52031,Opp Blk 998,OPP BLK 998,Braddell Rd
NAME_CHANGED,01/09/2025,52051,Blk 147,BLK 147,Braddell Rd
NAME_CHANGED,01/09/2025,52069,ComfortDelGro Corp Ltd,Comfortdelgro Corp Ltd,Braddell Rd
NAME_CHANGED,01/09/2025,52241,Blk 105,Bef Caldecott Stn/Savh,Toa Payoh Rise
NAME_CHANGED,01/09/2025,52421,Blk 12,BLK 12,Lor 7 Toa Payoh
NAME_CHANGED,01/09/2025,52431,Blk 5,BLK 5,Lor 7 Toa Payoh
NAME_CHANGED,01/09/2025,52501,Bef Toa Payoh Pk,Toa Payoh Swim Cplx,Lor 6 Toa Payoh
NAME_CHANGED,01/09/2025,52531,Opp Blk 210 Mkt/FC,OPP BLK 210 MKT/FC,Lor 8 Toa Payoh
NAME_CHANGED,01/09/2025,52561,Blk 269A,BLK 269A,Kim Keat Ave
NAME_CHANGED,01/09/2025,52571,Blk 268A,BLK 268A,Toa Payoh East
NAME_CHANGED,01/09/2025,52581,Bef Caldecott Stn Exit 4,BEF CALDECOTT STN EXIT 4,Toa Payoh Lk
NAME_CHANGED,01/09/2025,53011,St. Theresa's Hme,ST. THERESA'S HME,Upp Thomson Rd
NAME_CHANGED,01/09/2025,53019,Opp St. Theresa's Hme,OPP ST. THERESA'S HME,Upp Thomson Rd
NAME_CHANGED,01/09/2025,53021,Lakeview Est,Lakeview Estate,Upp Thomson Rd
NAME_CHANGED,01/09/2025,53201,Opp NEA Reg Off,Opp Nea Reg Off,Sin Ming Dr
NAME_CHANGED,01/09/2025,53209,Aft NEA Reg Off,Aft Nea Reg Off,Sin Ming Dr
NAME_CHANGED,01/09/2025,53221,Blk 115,BLK 115,Bishan St 11
NAME_CHANGED,01/09/2025,53231,Bishan Stn,BISHAN STN,Bishan Rd
NAME_CHANGED,01/09/2025,53239,Opp Bishan Stn,OPP BISHAN STN,Bishan Rd
NAME_CHANGED,01/09/2025,53241,Opp Blk 217,OPP BLK 217,Bishan Rd
NAME_CHANGED,01/09/2025,53249,Blk 210,BLK 210,Bishan Rd
NAME_CHANGED,01/09/2025,53251,Blk 125,BLK 125,Bishan St 11
NAME_CHANGED,01/09/2025,53421,Blk 151A Mkt,BLK 151A MKT,Bishan St 11
NAME_CHANGED,01/09/2025,53439,Blk 228,BLK 228,Bishan St 23
NAME_CHANGED,01/09/2025,54079,Opp Blk 315,OPP BLK 315,Ang Mo Kio Ave 1
NAME_CHANGED,01/09/2025,54081,Teck Ghee Ct,TECK GHEE CT,Ang Mo Kio Ave 1
NAME_CHANGED,01/09/2025,54089,Opp Ang Mo Kio Swim Cplx,OPP ANG MO KIO SWIM CPLX,Ang Mo Kio Ave 1
NAME_CHANGED,01/09/2025,54091,Blk 331,BLK 331,Ang Mo Kio Ave 1
NAME_CHANGED,01/09/2025,54099,Opp Blk 333,OPP BLK 333,Ang Mo Kio Ave 1
NAME_CHANGED,01/09/2025,54201,Opp Blk 155,OPP BLK 155,Ang Mo Kio Ave 4
NAME_CHANGED,01/09/2025,54209,Bet Blks 152/155,BET BLKS 152/155,Ang Mo Kio Ave 4
NAME_CHANGED,01/09/2025,54409,Jing Shan Pr Sch,Opp Blk 522,Ang Mo Kio St 52
NAME_CHANGED,01/09/2025,54481,ITE Coll Ctrl,Ite Coll Ctrl,Ang Mo Kio Ave 5
NAME_CHANGED,01/09/2025,54489,Opp ITE Coll Ctrl,Opp Ite Coll Ctrl,Ang Mo Kio Ave 5
NAME_CHANGED,01/09/2025,54531,Opp Bishan Pk,OPP BISHAN PK,Bishan Rd
NAME_CHANGED,01/09/2025,54539,Bishan Pk,BISHAN PK,Bishan Rd
NAME_CHANGED,01/09/2025,54611,Blk 220,BLK 220,Ang Mo Kio Ave 1
NAME_CHANGED,01/09/2025,54619,Opp Blk 220,OPP BLK 220,Ang Mo Kio Ave 1
NAME_CHANGED,01/09/2025,54621,Blk 223,BLK 223,Ang Mo Kio Ave 1
NAME_CHANGED,01/09/2025,54629,Opp Blk 223,OPP BLK 223,Ang Mo Kio Ave 1
NAME_CHANGED,01/09/2025,55021,Opp Seasons Pk,OPP SEASONS PK,Yio Chu Kang Rd
NAME_CHANGED,01/09/2025,55029,Seasons Pk,SEASONS PK,Yio Chu Kang Rd
NAME_CHANGED,01/09/2025,55071,Bef ECON Medicare Ctr,Bef Econ Medicare Ctr,Yio Chu Kang Rd
NAME_CHANGED,01/09/2025,55079,Aft ECON Medicare Ctr,Aft Econ Medicare Ctr,Yio Chu Kang Rd
NAME_CHANGED,01/09/2025,55131,Blk 612,BLK 612,Ang Mo Kio Ave 4
NAME_CHANGED,01/09/2025,55139,Blk 641,BLK 641,Ang Mo Kio Ave 4
NAME_CHANGED,01/09/2025,55141,Opp Blk 622,OPP BLK 622,Ang Mo Kio Ave 4
NAME_CHANGED,01/09/2025,55149,Blk 622,BLK 622,Ang Mo Kio Ave 4
NAME_CHANGED,01/09/2025,55151,Ang Mo Kio Community Hosp,Ang Mo Kio Comm Hosp,Ang Mo Kio Ave 9
NAME_CHANGED,01/09/2025,55159,Opp Ang Mo Kio Cmty Hosp,Opp Ang Mo Kio Comm Hosp,Ang Mo Kio Ave 9
NAME_CHANGED,01/09/2025,55169,Opp Yio Chu Kang CC,Opp Yio Chu Kang Cc,Ang Mo Kio St 61
NAME_CHANGED,01/09/2025,56011,Bef Adana @ Thomson,Bef adana at thomson,Upp Thomson Rd
NAME_CHANGED,01/09/2025,56029,Bef Sembawang Hills FC,Bef Sembawang Hills Fc,Upp Thomson Rd
NAME_CHANGED,01/09/2025,56269,Bef Ang Mo Kio Ave 2,BEF Ang mo kio avenue 2,Ang Mo Kio Ave 1
NAME_CHANGED,01/09/2025,57039,Spiritual Grace Presby Ch,SPIRITUAL GRACE PRESBY CH,Sembawang Rd
NAME_CHANGED,01/09/2025,58199,Opp Auckland Rd West,OPP AUCKLAND ROAD WEST,Admiralty Rd East
NAME_CHANGED,01/09/2025,58201,Aft Queen's Ave,Aft Queen'S Ave,Admiralty Rd East
NAME_CHANGED,01/09/2025,58251,Sun Plaza/ Sembawang Stn,Sun Plaza/Sembawang Stn,Sembawang Dr
NAME_CHANGED,01/09/2025,58261,Visionaire,VISIONAIRE,Canberra Link
NAME_CHANGED,01/09/2025,58269,Opp Visionaire,OPP VISIONAIRE,Canberra Link
NAME_CHANGED,01/09/2025,58361,Nth Lk Bldg,Nth Link Bldg,Admiralty St
NAME_CHANGED,01/09/2025,58369,Bef Acacia Hme,BEF ACACIA HME,Admiralty St
NAME_CHANGED,01/09/2025,58519,Opp Blk 104B,OPP BLK 104B,Canberra st
NAME_CHANGED,01/09/2025,58521,Blk 106A,BLK 106A,Canberra st
NAME_CHANGED,01/09/2025,58529,Blk 108 CP,BLK 108 CP,Canberra st
NAME_CHANGED,01/09/2025,58531,Blk 129A,BLK 129A,Canberra Way
NAME_CHANGED,01/09/2025,58539,Blk 120A,BLK 120A,Canberra Way
NAME_CHANGED,01/09/2025,58571,Bef Sembawang Ave,Gambas Ave,Sembawang Ave
NAME_CHANGED,01/09/2025,58579,Aft Sembawang Ave,Gambas Ave,Sembawang Ave
NAME_CHANGED,01/09/2025,58621,Blk 126 CP,Blk 126 Cp,Canberra st
NAME_CHANGED,01/09/2025,58991,Blk 767,BLK 767,Yishun Ave 2
NAME_CHANGED,01/09/2025,59601,Blk 391,BLK 391,Yishun Ave 6
NAME_CHANGED,01/09/2025,59671,Bef Yishun Stn,Before Yishun Station,Yishun Ave 2
NAME_CHANGED,01/09/2025,59829,Opp Blk 334B,Opposite Blk 334B,Yishun Ave 6
NAME_CHANGED,01/09/2025,60011,Bendemeer Stn Exit A,BENDEMEER STN EXIT A,Kallang Bahru
NAME_CHANGED,01/09/2025,60019,Bendemeer Stn Exit B,BENDEMEER STN EXIT B,Kallang Bahru
NAME_CHANGED,01/09/2025,60031,Bef Geylang Bahru Stn,BEF GEYLANG BAHRU STN,Kallang Bahru
NAME_CHANGED,01/09/2025,60081,St. Andrew's Village,St. Andrew'S Village,Jln Toa Payoh
NAME_CHANGED,01/09/2025,60089,Opp St. Andrew's Village,Opp St. Andrew'S Village,Jln Toa Payoh
NAME_CHANGED,01/09/2025,60221,Blk 73/Geylang Bahru Stn,BLK 73/GEYLANG BAHRU STN,Geylang Bahru
NAME_CHANGED,01/09/2025,62071,Bartley Stn Exit A,BARTLEY STN EXIT A,Bartley Rd
NAME_CHANGED,01/09/2025,62079,Aft Bartley Stn Exit B,AFT BARTLEY STN EXIT B,Bartley Rd
NAME_CHANGED,01/09/2025,62101,Bef Upp S'goon Rd,Bef Upp Serangoon Rd,Bartley Rd
NAME_CHANGED,01/09/2025,62109,Aft Upp S'goon Rd,Aft Upp Serangoon Rd,Bartley Rd
NAME_CHANGED,01/09/2025,62131,S'goon Stn Exit H,S'Goon Stn Exit H,Upp S'goon Rd
NAME_CHANGED,01/09/2025,62139,S'goon Stn Exit A/Blk 413,S'Goon Stn Exit A/Blk 413,Upp S'goon Rd
NAME_CHANGED,01/09/2025,62161,St. Gabriel's Sec Sch,St.Gabriel's Sec Sch,S'goon Ave 1
NAME_CHANGED,01/09/2025,62189,S'goon Stn Exit D/Blk 416,S'Goon Stn Exit D/Blk 416,Upp S'goon Rd
NAME_CHANGED,01/09/2025,62231,Bef S'pore Girls' Hme,BEF S'PORE GIRLS' HME,Hougang Ave 3
NAME_CHANGED,01/09/2025,62239,Opp S'pore Girls' Hme,OPP S'PORE GIRLS' HME,Hougang Ave 3
NAME_CHANGED,01/09/2025,63011,Opp Upp S'goon Shop Ctr,Opp Upp S'Goon Shop Ctr,Upp S'goon Rd
NAME_CHANGED,01/09/2025,63019,Aft Upp S'goon Shop Ctr,Aft Upp S'Goon Shop Ctr,Upp S'goon Rd
NAME_CHANGED,01/09/2025,63131,The Tembusu,THE TEMBUSU,Tampines Rd
NAME_CHANGED,01/09/2025,63149,S'goon Stadium,Serangoon Stadium,Boundary Rd
NAME_CHANGED,01/09/2025,63151,Aft Upp S'goon Rd,Aft Upp S'Goon Rd,Yio Chu Kang Rd
NAME_CHANGED,01/09/2025,63161,S'goon Swim Cplx,Serangoon Swim Cplx,Yio Chu Kang Rd
NAME_CHANGED,01/09/2025,63169,Opp S'goon Swim Cplx,Opp Serangoon Swim Cplx,Yio Chu Kang Rd
NAME_CHANGED,01/09/2025,63189,Aft S'goon Gdn Way,Aft Serangoon Gdn Way,Yio Chu Kang Rd
NAME_CHANGED,01/09/2025,63191,Aft S'goon Nth Ave 1,Aft Serangoon Nth Ave 1,Yio Chu Kang Rd
NAME_CHANGED,01/09/2025,63221,Kovan Hub,KOVAN HUB,Hougang St 21
NAME_CHANGED,01/09/2025,63239,Opp Blk 211,OPP BLK 211,Hougang St 21
NAME_CHANGED,01/09/2025,63301,Paya Lebar Meth Girls' Sch,Paya Lebar Meth Girls' Sc,Lor Ah Soo
NAME_CHANGED,01/09/2025,63361,Opp S'goon Sports Cplx,Opp S'Goon Sports Cplx,Yio Chu Kang Link
NAME_CHANGED,01/09/2025,63369,S'goon Sports Cplx,Serangoon Sports Cplx,Yio Chu Kang Link
NAME_CHANGED,01/09/2025,64061,Opp S'goon Sec Sch,Opp Serangoon Sec Sch,Upp S'goon Rd
NAME_CHANGED,01/09/2025,64069,S'goon Sec Sch,Serangoon Sec Sch,Upp S'goon Rd
NAME_CHANGED,01/09/2025,64089,Opp Hougang 1,OPP HOUGANG 1,Hougang St 91
NAME_CHANGED,01/09/2025,64099,Hougang Sec Sch,HOUGANG SEC SCH,Hougang St 93
NAME_CHANGED,01/09/2025,64397,Blk 513,Block 513,Hougang Ave 10
NAME_CHANGED,01/09/2025,65009,Punggol Int,Punggol Temp Int,Punggol Pl
NAME_CHANGED,01/09/2025,65099,Blk 604A,BLK 604A,Punggol Rd
NAME_CHANGED,01/09/2025,65181,Aft Punggol Ctrl,Atf Punggol Ctrl,Punggol East
NAME_CHANGED,01/09/2025,65559,Opp Blk 227A,Opposite Blk 227A,Punggol Field
NAME_CHANGED,01/09/2025,65571,Blk 218,BLK 218,Punggol Field
NAME_CHANGED,01/09/2025,65579,Blk 258A,BLK 258A,Punggol Field
NAME_CHANGED,01/09/2025,65671,Punggol Cove Pr Sch,Punggol cove pr sch,Sumang Link
NAME_CHANGED,01/09/2025,65679,Opp Punggol Cove Pr Sch,Opp punggol cove pr sch,Sumang Link
NAME_CHANGED,01/09/2025,65691,Opp Blk 437B,Opposite Blk 437B,New Punggol Road
NAME_CHANGED,01/09/2025,65701,Opp SIT Punggol,Opposite SIT Punggol,New Punggol Road
NAME_CHANGED,01/09/2025,65709,Bef SIT Punggol,Before SIT Punggol,New Punggol Road
NAME_CHANGED,01/09/2025,65721,Opp Punggol Coast Stn,Opposite Punggol Coast Station,New Punggol Road
NAME_CHANGED,01/09/2025,65729,Punggol Coast Stn,Punggol Coast Station,New Punggol Road
NAME_CHANGED,01/09/2025,66009,Serangoon Int,S'Goon Int,S'goon Ave 2
NAME_CHANGED,01/09/2025,66261,S'goon Gdns Country Club,S'Goon Gdns Country Club,Kensington Pk Rd
NAME_CHANGED,01/09/2025,66271,S'goon Gdn Circus,Serangoon Gdn Circus,S'goon Gdn Way
NAME_CHANGED,01/09/2025,66359,S'goon Stn Exit C/Blk 201,S'Goon Stn Exit C/Blk 201,S'goon Ctrl
NAME_CHANGED,01/09/2025,66381,Opp S'goon Stn Exit F,Opp S'Goon Stn Exit F,S'goon Ave 2
NAME_CHANGED,01/09/2025,66389,S'goon Stn Exit F,S'Goon Stn Exit F,S'goon Ave 2
NAME_CHANGED,01/09/2025,66561,Blk 991B,Outside Blk 991B,Buangkok Link
NAME_CHANGED,01/09/2025,66569,Opp Blk 991B,OPP BLK 991B,Buangkok Link
NAME_CHANGED,01/09/2025,66579,Blk 998B,BLK 998B,Buangkok Cres
NAME_CHANGED,01/09/2025,67079,Ch of St. Vincent de Paul,Ch Of St. Vincent De Paul,Yio Chu Kang Rd
NAME_CHANGED,01/09/2025,67111,CHIJ St. Joseph's Convent,Chij St. Joseph'S Convent,Sengkang East Way
NAME_CHANGED,01/09/2025,67691,Blk 338A,BLK 338A,Anchorvale Cres
NAME_CHANGED,01/09/2025,67699,Blk 334A,BLK 334A,Anchorvale Cres
NAME_CHANGED,01/09/2025,67701,Aft Blk 467B,AFT BLK 467B,Fernvale St
NAME_CHANGED,01/09/2025,67761,Opp Blk 326D,OPP BLK 326D,Anchorvale Rd
NAME_CHANGED,01/09/2025,67769,Blk 326D,BLK 326D,Anchorvale Rd
NAME_CHANGED,01/09/2025,68081,Bef Seletar A'space Rise,Bef Seletar A'Space Rise,Seletar Aerospace Dr
NAME_CHANGED,01/09/2025,68089,Aft Seletar A'space Rise,Aft Seletar A'Space Rise,Seletar Aerospace Dr
NAME_CHANGED,01/09/2025,68161,Aft Seletar A'space Lane,Aft Seletar A'Space Lane,West Camp Rd
NAME_CHANGED,01/09/2025,68169,Bef Seletar A'space Lane,Bef Seletar A'Space Lane,West Camp Rd
NAME_CHANGED,01/09/2025,68181,Bef JTC Aerospace,Bef Jtc Aerospace,Seletar Aerospace Link
NAME_CHANGED,01/09/2025,68189,Aft JTC Aerospace,Bef Seletar A'Space Cres,Seletar Aerospace Link
NAME_CHANGED,01/09/2025,68191,Bef Seletar A'space Lk,Bef Seletar A'Space Lk,Seletar Aerospace Crescent
NAME_CHANGED,01/09/2025,68199,Aft Seletar A'space Lk,Aft Seletar A'Space Lk,Seletar Aerospace Crescent
NAME_CHANGED,01/09/2025,70161,Opp Mattar Stn Exit A,OPP MATTAR STN EXIT A,Merpati Rd
NAME_CHANGED,01/09/2025,70191,Opp Blk 66,OPP BLK 66,Circuit Rd
NAME_CHANGED,01/09/2025,70201,Opp MacPherson Stn Exit D,OPP MACPHERSON STN EXIT D,Circuit Rd
NAME_CHANGED,01/09/2025,70231,Opp Mattar Stn Exit B,OPP MATTAR STN EXIT B,Mattar Rd
NAME_CHANGED,01/09/2025,70251,MacPherson Stn Exit C,Macpherson Stn Exit C,Paya Lebar Rd
NAME_CHANGED,01/09/2025,70259,MacPherson Stn Exit B,Macpherson Stn Exit B,Paya Lebar Rd
NAME_CHANGED,01/09/2025,70371,MacPherson Stn Exit A,Macpherson Stn Exit A,Circuit Link
NAME_CHANGED,01/09/2025,70379,Opp MacPherson Stn Exit A,Opp Macpherson Stn Exit A,Circuit Link
NAME_CHANGED,01/09/2025,70401,Bef Ubi Rd 4,BEF UBI RD 4,Ubi Rd 3
NAME_CHANGED,01/09/2025,70409,Blk 3032A,BLK 3032A,Ubi Rd 3
NAME_CHANGED,01/09/2025,71121,Ubi Stn Exit B,UBI STN EXIT B,Ubi Ave 2
NAME_CHANGED,01/09/2025,71129,Ubi Stn Exit A,UBI STN EXIT A,Ubi Ave 2
NAME_CHANGED,01/09/2025,71171,Opp SCDF HQ,Opp Scdf Hq,Airport Rd
NAME_CHANGED,01/09/2025,71179,Aft SCDF HQ,Aft Scdf Hq,Airport Rd
NAME_CHANGED,01/09/2025,71291,The Leo,THE LEO,Kaki Bt Rd 3
NAME_CHANGED,01/09/2025,71299,Empire Technocentre,EMPIRE TECHNOCENTRE,Kaki Bt Rd 3
NAME_CHANGED,01/09/2025,71331,Kaki Bt Autohub,KAKI BT AUTOHUB,Kaki Bt Ave 2
NAME_CHANGED,01/09/2025,71339,Opp Kaki Bt Autohub,OPP KAKI BT AUTOHUB,Kaki Bt Ave 2
NAME_CHANGED,01/09/2025,72031,Bef Kaki Bt Stn Exit B,BEF KAKI BT STN EXIT B,Kaki Bt Ave 1
NAME_CHANGED,01/09/2025,72039,Kaki Bt Stn Exit A,KAKI BT STN EXIT A,Kaki Bt Ave 1
NAME_CHANGED,01/09/2025,72131,Opp Tech View,OPP TECH VIEW,Kaki Bt Ave 3
NAME_CHANGED,01/09/2025,72139,Tech View,TECH VIEW,Kaki Bt Ave 3
NAME_CHANGED,01/09/2025,72141,Bartley Biz Ctr,BARTLEY BIZ CTR,Kaki Bt Ave 3
NAME_CHANGED,01/09/2025,72149,Shun Li Ind Pk,SHUN LI IND PK,Kaki Bt Ave 3
NAME_CHANGED,01/09/2025,72151,Autobay @ Kaki Bt,AUTOBAY @ KAKI BT,Kaki Bt Ave 6
NAME_CHANGED,01/09/2025,72159,Opp Autobay @ Kaki Bt,OPP AUTOBAY @ KAKI BT,Kaki Bt Ave 6
NAME_CHANGED,01/09/2025,72161,Aft Bartley Viaduct,AFT BARTLEY VIADUCT,Kaki Bt Rd 5
NAME_CHANGED,01/09/2025,72169,Bef Bartley Viaduct,BEF BARTLEY VIADUCT,Kaki Bt Rd 5
NAME_CHANGED,01/09/2025,75021,Blk 879B,BLK 879B,Tampines Street 86
NAME_CHANGED,01/09/2025,75051,Tampines West Stn Exit B,TAMPINES WEST STN EXIT B,Tampines Ave 1
NAME_CHANGED,01/09/2025,75059,Bef Tampines West Stn,BEF TAMPINES WEST STN,Tampines Ave 1
NAME_CHANGED,01/09/2025,75381,T5@Tampines,T5@TAMPINES,Tampines Ind Ave 5
NAME_CHANGED,01/09/2025,75391,Opp Siltronic,OPP SILTRONIC,Tampines Ind Ave 5
NAME_CHANGED,01/09/2025,75401,Aft Tampines Ave 1,AFT TAMPINES AVE 1,Tampines Ave 10
NAME_CHANGED,01/09/2025,75409,The Santorini,THE SANTORINI,Tampines Ave 10
NAME_CHANGED,01/09/2025,75411,Bef Tampines Fire Stn,BEF TAMPINES FIRE STN,Tampines Ave 10
NAME_CHANGED,01/09/2025,75541,Opp Blk 648A,OPP BLK 648A,Tampines St 62
NAME_CHANGED,01/09/2025,75549,Blk 648A,BLK 648A,Tampines St 62
NAME_CHANGED,01/09/2025,75551,Blk 641A,BLK 641A,Tampines St 62
NAME_CHANGED,01/09/2025,75559,Blk 646B,BLK 646B,Tampines St 62
NAME_CHANGED,01/09/2025,75561,Blk 648C,BLK 648C,Tampines Nth Dr 2
NAME_CHANGED,01/09/2025,75569,Blk 636C,BLK 636C,Tampines Nth Dr 2
NAME_CHANGED,01/09/2025,75571,Blk 637B,BLK 637B,Tampines Nth Dr 2
NAME_CHANGED,01/09/2025,75579,Blk 630B,BLK 630B,Tampines Nth Dr 2
NAME_CHANGED,01/09/2025,75581,Blk 637 CP,BLK 637 CP,Tampines Ave 12
NAME_CHANGED,01/09/2025,75589,Opp Blk 638A,OPP BLK 638A,Tampines Ave 12
NAME_CHANGED,01/09/2025,75591,Bef Blk 631B,BEF BLK 631B,Tampines Ave 12
NAME_CHANGED,01/09/2025,75599,Opp Blk 631B,OPP BLK 631B,Tampines Ave 12
NAME_CHANGED,01/09/2025,76031,Tampines East Stn Exit B,TAMPINES EAST STN EXIT B,Tampines Ave 2
NAME_CHANGED,01/09/2025,76039,Tampines East Stn Exit C,TAMPINES EAST STN EXIT C,Tampines Ave 2
NAME_CHANGED,01/09/2025,76041,Blk 842C,BLK 842C,Tampines St 82
NAME_CHANGED,01/09/2025,76049,Opp Blk 842C,OPP BLK 842C,Tampines St 82
NAME_CHANGED,01/09/2025,76191,Blk 401,BLK 401,Tampines Ave 7
NAME_CHANGED,01/09/2025,76199,Blk 503,BLK 503,Tampines Ave 7
NAME_CHANGED,01/09/2025,76221,Tampines East Stn Exit A,TAMPINES EAST STN EXIT A,Tampines Ave 7
NAME_CHANGED,01/09/2025,76229,Opp Tampines East Stn,OPP TAMPINES EAST STN,Tampines Ave 7
NAME_CHANGED,01/09/2025,76339,Opp Tampines Changkat CC,Opp Tampines Changkat Cc,Tampines St 11
NAME_CHANGED,01/09/2025,76431,Blk 333,BLK 333,Tampines St 33
NAME_CHANGED,01/09/2025,76441,Opp Blk 345,OPP BLK 345,Tampines St 33
NAME_CHANGED,01/09/2025,76451,Blk 324,BLK 324,Tampines St 33
NAME_CHANGED,01/09/2025,76471,Blk 444,BLK 444,Tampines St 42
NAME_CHANGED,01/09/2025,76519,Bet Blks 524B/523D,BET BLKS 524B/523D,Tampines Concourse
NAME_CHANGED,01/09/2025,76521,Opp Blk 519A,OPP BLK 519A,Tampines Concourse
NAME_CHANGED,01/09/2025,76529,Blk 519A,BLK 519A,Tampines Concourse
NAME_CHANGED,01/09/2025,76541,Citylife @ Tampines,Citylife@ Tampines,Tampines Ave 9
NAME_CHANGED,01/09/2025,76549,Opp Citylife @ Tampines,Opp Citylife@ Tampines,Tampines Ave 9
NAME_CHANGED,01/09/2025,76551,Tampines Stn Exit D,TAMPINES STN EXIT D,Tampines Ctrl 1
NAME_CHANGED,01/09/2025,76559,Aft Tampines Stn Exit E,AFT TAMPINES STN EXIT E,Tampines Ctrl 1
NAME_CHANGED,01/09/2025,77091,Aft Pasir Ris Ave,AFT PASIR RIS AVE,Elias Rd
NAME_CHANGED,01/09/2025,77231,Tampines Meridian JC,Tampines Meridian Jc,Pasir Ris Dr 1
NAME_CHANGED,01/09/2025,77409,Opp UMC,Opposite UMC,Pasir Ris Ind Dr 1
NAME_CHANGED,01/09/2025,78031,Blk 191,BLK 191,Pasir Ris St 12
NAME_CHANGED,01/09/2025,78039,Blk 104,BLK 104,Pasir Ris St 12
NAME_CHANGED,01/09/2025,78199,Opp White Sands Pr Sch,Opp White Sands Pri Sch,Pasir Ris St 11
NAME_CHANGED,01/09/2025,80011,Aft Padang Jeringau,AFT PADANG JERINGAU,Kallang Rd
NAME_CHANGED,01/09/2025,81101,Paya Lebar Green,CISCO Ctr,Paya Lebar Rd
NAME_CHANGED,01/09/2025,81109,Opp Paya Lebar Green,Opp CISCO Ctr,Paya Lebar Rd
NAME_CHANGED,01/09/2025,81161,Blk 56,blk 56,Guillemard Rd
NAME_CHANGED,01/09/2025,81191,Aft Old Airport Rd,AFT OLD AIRPORT RD,Dunman Rd
NAME_CHANGED,01/09/2025,81199,Bef Old Airport Rd,BEF OLD AIRPORT RD,Dunman Rd
NAME_CHANGED,01/09/2025,81231,Opp KH Plaza,Opp Kh Plaza,Aljunied Rd
NAME_CHANGED,01/09/2025,82061,Eunos Stn/Int,Eunos Stn/ Int,Sims Ave
NAME_CHANGED,01/09/2025,82091,Aft Queen of Peace Ch,Aft Queen Of Peace Ch,Tg Katong Rd
NAME_CHANGED,01/09/2025,84141,Opp Lion Hme for Elders,OPP LION HME FOR ELDERS,Bedok Sth Rd
NAME_CHANGED,01/09/2025,84149,Lion Hme For Elders,LION HME FOR ELDERS,Bedok Sth Rd
NAME_CHANGED,01/09/2025,84161,Blk 3,BLK 3,Bedok Sth Ave 1
NAME_CHANGED,01/09/2025,84169,Opp Blk 3,OPP BLK 3,Bedok Sth Ave 1
NAME_CHANGED,01/09/2025,84201,Bedok Resvr Stn Exit A,BEDOK RESVR STN EXIT A,Bedok Nth Ave 3
NAME_CHANGED,01/09/2025,84211,Blk 403,BLK 403,Bedok Nth Ave 3
NAME_CHANGED,01/09/2025,84261,St. Anthony's Cano Sch,Saint Anthony's Canossian School,Bedok Nth Ave 4
NAME_CHANGED,01/09/2025,84451,Bedok Nth Stn Exit A,BEDOK NTH STN EXIT A,Bedok Nth Rd
NAME_CHANGED,01/09/2025,84539,Bedok Nth Stn Exit B,BEDOK NTH STN EXIT B,Bedok Nth Rd
NAME_CHANGED,01/09/2025,84551,Blk 51,BLK 51,Chai Chee St
NAME_CHANGED,01/09/2025,84561,Blk 53,BLK 53,Chai Chee St
NAME_CHANGED,01/09/2025,84571,Opp Blk 55,OPP BLK 55,Chai Chee Dr
NAME_CHANGED,01/09/2025,84591,SBST Bedok Nth Depot,Sbst Bedok Nth Depot,Bedok Nth Ave 4
NAME_CHANGED,01/09/2025,84599,Opp SBST Bedok Nth Depot,Opp Sbst Bedok Nth Depot,Bedok Nth Ave 4
NAME_CHANGED,01/09/2025,92081,St. Patrick's Sch,St. Patrick's Sec Sch,Marine Parade Rd
NAME_CHANGED,01/09/2025,92159,St. Patrick's Sch,ST. PATRICK'S SCH,East Coast Rd
NAME_CHANGED,01/09/2025,92181,i12 Katong,112 Katong,Joo Chiat Rd
NAME_CHANGED,01/09/2025,92189,Opp i12 Katong,Opp 112 Katong,Joo Chiat Rd
NAME_CHANGED,01/09/2025,94029,Aft Sennett Rd,Aft Sennet Rd,Upp East Coast Rd
NAME_CHANGED,01/09/2025,94089,Calvary Ably of God Ch,Calvary Ably Of God Ch,Upp East Coast Rd
NAME_CHANGED,01/09/2025,95039,AirFreight Ter Bldg,Airfreight Ter Bldg,Airport Cargo Rd
NAME_CHANGED,01/09/2025,95901,Bef Simei Rd,BEF SIMEI RD,Upp Changi Rd East
NAME_CHANGED,01/09/2025,95909,Aft Somapah Rd,AFT SOMAPAH RD,Upp Changi Rd East
NAME_CHANGED,01/09/2025,96241,Laguna Natl Country Club,LAGUNA NATL COUNTRY CLUB,Xilin Ave
NAME_CHANGED,01/09/2025,96301,Expo Stn Exit B,EXPO STN EXIT B,Changi Sth Ave 1
NAME_CHANGED,01/09/2025,96309,Expo Stn Exit E,EXPO STN EXIT E,Changi Sth Ave 1
NAME_CHANGED,01/09/2025,96311,Bef Changi Sth St 2,BEF CHANGI STH ST 2,Changi Sth Ave 1
NAME_CHANGED,01/09/2025,96371,Standard Chartered Bank,STANDARD CHARTERED BANK,Changi Business Pk Ctrl 2
NAME_CHANGED,01/09/2025,96421,Opp Changi Lodge 2,OPP CHANGI LODGE 2,Tanah Merah Coast Rd
NAME_CHANGED,01/09/2025,96429,Changi Lodge 2,CHANGI LODGE 2,Tanah Merah Coast Rd
NAME_CHANGED,01/09/2025,96431,Opp Changi Naval Base,OPP CHANGI NAVAL BASE,Tanah Merah Coast Rd
NAME_CHANGED,01/09/2025,96439,Changi Naval Base,CHANGI NAVAL BASE,Tanah Merah Coast Rd
NAME_CHANGED,01/09/2025,96441,Opp SUTD,OPP SUTD,Somapah Rd
NAME_CHANGED,01/09/2025,96461,Bef Aviation Pk Rd,Before Aviation Park Road,Tanah Merah Coast Rd
NAME_CHANGED,01/09/2025,96471,Bef Changi Coast Rd,Bef Changi Coast Road,Aviation Pk Rd
NAME_CHANGED,01/09/2025,96479,Aft Changi Coast Rd,After Changi Coast Road,Aviation Pk Rd
NAME_CHANGED,01/09/2025,97159,Bef VICOM,Bef Vicom,Changi Nth Cres
NAME_CHANGED,01/09/2025,98111,Blk 256/Opp Loyang Pt,BLK 256/OPP LOYANG PT,Pasir Ris Dr 2
NAME_CHANGED,01/09/2025,98291,Opp Palm Isles,OPP PALM ISLES,Flora Dr
NAME_CHANGED,01/09/2025,98299,Parc Olympia,PARC OLYMPIA,Flora Dr
NAME_CHANGED,01/09/2025,99011,Bef Sch of Commando,Bef Sch Of Commando,Loyang Ave
NAME_CHANGED,01/09/2025,99019,Aft Sch of Commando,Aft Sch Of Commando,Loyang Ave
